model,split,n,MAE,RMSE,bias,MAPE,target
Chronos-Bolt zero-shot,all,19137,1202.13544010648,1814.7862373043017,3.6999159228523277,4.822574254701216,load_mw
Chronos-Bolt zero-shot,regime=normal,18756,1183.6990682078958,1787.9817265053198,33.57022041141278,4.806623272707151,load_mw
Chronos-Bolt zero-shot,regime=spike,330,1935.4587397411617,2630.25841088838,-1235.6037720959596,5.300013443409067,load_mw
Chronos-Bolt zero-shot,regime=severe,51,3237.3492136437912,3918.4169672282083,-2962.5199652777774,7.599470058761932,load_mw
Chronos-Bolt zero-shot,spike+severe,381,2109.727543334427,2836.8030968106345,-1466.7657822069118,5.60781472262953,load_mw
Chronos-Bolt zero-shot,season=winter,4320,740.5715253665122,1115.3689068162641,82.11609760802469,3.4456171139185323,load_mw
Chronos-Bolt zero-shot,season=spring,4414,1195.6603561790844,1771.7835791165337,-168.78072484507157,5.620020531397335,load_mw
Chronos-Bolt zero-shot,season=summer,7476,1592.2085074146992,2267.2734598630445,-14.081286679875625,5.526619520504021,load_mw
Chronos-Bolt zero-shot,season=autumn,2927,896.8231343107634,1353.9033976264238,193.4860157273161,3.854034649543288,load_mw
Chronos-Bolt zero-shot,ramp hours 17-21,3985,1580.8697013213614,2243.1436216835,24.034892402498926,5.192575006901647,load_mw
LightGBM (ours),all,19137,728.8695568496652,1066.2142470825281,-28.59198931160102,2.9312351561321193,load_mw
LightGBM (ours),regime=normal,18756,712.0371395756692,1030.7815162365323,-6.955121922358859,2.9079004777878876,load_mw
LightGBM (ours),regime=spike,330,1324.4763976923787,1862.0610744484027,-860.0719744030672,3.6039841619349886,load_mw
LightGBM (ours),regime=severe,51,3065.3119276922444,3658.2964877606432,-2605.703551516348,7.159824472003836,load_mw
LightGBM (ours),spike+severe,381,1557.5016261175574,2189.6555714079045,-1093.7391933867348,4.0799627861174335,load_mw
LightGBM (ours),season=winter,4320,677.0200504205567,910.0926496328467,-48.428445625228676,3.076778342491581,load_mw
LightGBM (ours),season=spring,4414,565.5261463413403,806.3062516509077,-39.545262052401185,2.7029466737394956,load_mw
LightGBM (ours),season=summer,7476,913.8514098105372,1341.0023454370078,0.6816633389895227,3.1461474232404507,load_mw
LightGBM (ours),season=autumn,2927,579.2499289104832,797.8870861367951,-57.5665673994218,2.511773142912534,load_mw
LightGBM (ours),ramp hours 17-21,3985,843.6185911867174,1201.5492798687874,-186.12590376397708,2.7626541956525377,load_mw
CAISO official DA forecast,all,19137,512.070643866158,719.1713709010914,106.95830720593612,2.0953397479484104,load_mw
CAISO official DA forecast,regime=normal,18756,504.50437220089566,707.2438640591765,99.12505642638799,2.089290868942056,load_mw
CAISO official DA forecast,regime=spike,330,802.7940909090909,1055.5941766526232,369.4446161616161,2.239666299444762,load_mw
CAISO official DA forecast,regime=severe,51,1413.5266013071894,1706.1055867908894,1289.310653594771,3.3860262704851825,load_mw
CAISO official DA forecast,spike+severe,381,884.5456867891512,1163.940611500996,492.576290463692,2.3931160593478102,load_mw
CAISO official DA forecast,season=winter,4320,440.6456257716049,621.6192585565481,138.98924922839507,2.0244002276565602,load_mw
CAISO official DA forecast,season=spring,4414,462.01826234707744,631.9752907858741,33.79708125660776,2.235525409838789,load_mw
CAISO official DA forecast,season=summer,7476,621.09056803995,858.5172060273892,143.84334135901548,2.171035411336782,load_mw
CAISO official DA forecast,season=autumn,2927,414.5148997836238,571.318496493164,75.80267566336413,1.7952982162043705,load_mw
CAISO official DA forecast,ramp hours 17-21,3985,566.630391468005,787.9545864750347,238.3408490171476,1.8802017027851794,load_mw
seasonal-naive (D-7),all,19137,1891.5647741721966,2830.498414618457,20.224072912856435,7.512100656308329,load_mw
seasonal-naive (D-7),regime=normal,18756,1862.9924824056302,2792.783074092687,74.72383059643136,7.488347966779448,load_mw
seasonal-naive (D-7),regime=spike,330,3005.6098484848485,3961.01217847804,-2350.6542929292928,8.135200488599196,load_mw
seasonal-naive (D-7),regime=severe,51,5190.918300653594,6027.289404819088,-4681.885620915033,12.215679090577352,load_mw
seasonal-naive (D-7),spike+severe,381,3298.13145231846,4295.609937410467,-2662.7088801399823,8.681406285714381,load_mw
seasonal-naive (D-7),season=winter,4320,1148.6469521604938,1607.8344230309783,76.17708333333333,5.296209311843227,load_mw
seasonal-naive (D-7),season=spring,4414,1534.524259930524,2313.0251211537116,-113.36325706086694,7.227652280855899,load_mw
seasonal-naive (D-7),season=summer,7476,2676.9196651507045,3722.1112990602173,-89.08046861066514,9.385194666243661,load_mw
seasonal-naive (D-7),season=autumn,2927,1520.5598735907072,2261.0560829596916,418.2760790342786,6.427356863708298,load_mw
seasonal-naive (D-7),ramp hours 17-21,3985,2366.340568799665,3413.7944259795254,17.353743203680473,7.723723065982724,load_mw
Chronos-Bolt zero-shot,all,19152,9.77164875573401,22.213198312938516,-1.5185755515118275,,lmp_rt
Chronos-Bolt zero-shot,regime=normal,18769,8.979719159641517,13.105589670257203,-0.7955028592561144,,lmp_rt
Chronos-Bolt zero-shot,regime=spike,331,39.63531877456158,109.6638158126118,-30.078393352301557,,lmp_rt
Chronos-Bolt zero-shot,regime=severe,52,105.51879900242731,207.8157617963534,-80.71187687624416,,lmp_rt
Chronos-Bolt zero-shot,spike+severe,383,48.58033436685667,127.50263194214544,-36.95291330855487,,lmp_rt
Chronos-Bolt zero-shot,season=winter,4320,8.978948452916818,12.446740607936118,0.0840803811910418,,lmp_rt
Chronos-Bolt zero-shot,season=spring,4414,9.858854416683975,14.822572086278646,-1.6096255469982041,,lmp_rt
Chronos-Bolt zero-shot,season=summer,7488,10.452091590793653,31.363284122812328,-2.4611256502830745,,lmp_rt
Chronos-Bolt zero-shot,season=autumn,2930,9.070073182973086,12.329809733986094,-1.3355597868703382,,lmp_rt
Chronos-Bolt zero-shot,ramp hours 17-21,3990,12.766641359191933,41.55069393357747,-2.76216625663046,,lmp_rt
LightGBM (ours),all,19152,9.913014855529953,23.34697837015416,1.1071718946815161,,lmp_rt
LightGBM (ours),regime=normal,18769,8.95153098855001,14.173480567751048,1.388338000220707,,lmp_rt
LightGBM (ours),regime=spike,331,48.33845780949667,116.3655225829622,-6.526881990023877,,lmp_rt
LightGBM (ours),regime=severe,52,112.36049719367573,205.07461435862137,-51.78388193277233,,lmp_rt
LightGBM (ours),spike+severe,383,57.03074514103011,131.9559672349549,-12.671435507054998,,lmp_rt
LightGBM (ours),season=winter,4320,9.519500410903516,12.747194244001832,0.954317908179185,,lmp_rt
LightGBM (ours),season=spring,4414,8.491159196192454,12.33334093458798,0.25284533325799846,,lmp_rt
LightGBM (ours),season=summer,7488,11.902768690514787,34.1715230663471,2.7454182475803273,,lmp_rt
LightGBM (ours),season=autumn,2930,7.550139962948211,10.488635663614804,-1.56718374582798,,lmp_rt
LightGBM (ours),ramp hours 17-21,3990,14.467117868867009,44.86217097223052,2.7274798198606085,,lmp_rt
DA LMP (market),all,19152,7.172153848510164,19.58278613366342,1.563321422131718,,lmp_rt
DA LMP (market),regime=normal,18769,6.332507447608646,9.164682846906256,1.6137315112241817,,lmp_rt
DA LMP (market),regime=spike,331,32.79272913897281,102.09705107790066,-8.914638444108764,,lmp_rt
DA LMP (market),regime=severe,52,147.15124764423078,211.1233388954196,50.06443206730769,,lmp_rt
DA LMP (market),spike+severe,383,48.319212069190606,122.72025262021796,-0.9070361814621408,,lmp_rt
DA LMP (market),season=winter,4320,6.388759207175926,8.850317416881376,2.0029164872685183,,lmp_rt
DA LMP (market),season=spring,4414,6.611742579859539,10.174205940003974,1.038087915156321,,lmp_rt
DA LMP (market),season=summer,7488,8.15410135105057,29.036954407836,1.82452900730057,,lmp_rt
DA LMP (market),season=autumn,2930,6.661948145904437,8.970116119724581,1.038887162969283,,lmp_rt
DA LMP (market),ramp hours 17-21,3990,10.758835182330827,39.04658494852704,2.6527674053884716,,lmp_rt
seasonal-naive RT (D-7),all,19152,14.23320765620649,31.128004302530087,0.03221119735101653,,lmp_rt
seasonal-naive RT (D-7),regime=normal,18769,13.249105769975314,23.048986195507148,0.8081464564796561,,lmp_rt
seasonal-naive RT (D-7),regime=spike,331,54.55358604984894,138.0818734981002,-28.48047198640483,,lmp_rt
seasonal-naive RT (D-7),regime=severe,52,112.78249716346151,209.17401146557148,-98.54145697115383,,lmp_rt
seasonal-naive RT (D-7),spike+severe,383,62.459338994778065,149.72770534859356,-37.99266838120105,,lmp_rt
seasonal-naive RT (D-7),season=winter,4320,12.944729465277776,18.091748785636522,2.1371934560185184,,lmp_rt
seasonal-naive RT (D-7),season=spring,4414,13.670188316719528,20.276046495724827,0.08386298821930259,,lmp_rt
seasonal-naive RT (D-7),season=summer,7488,16.3107471957354,44.113968262028074,-0.6493124924323365,,lmp_rt
seasonal-naive RT (D-7),season=autumn,2930,11.671698126279862,16.071055600871762,-1.4074696808873717,,lmp_rt
seasonal-naive RT (D-7),ramp hours 17-21,3990,18.711590763157893,57.52894558707656,0.051567196741854615,,lmp_rt
Chronos-Bolt zero-shot,all,19152,6.773607507818209,13.201927181618872,-0.9084433281694138,,lmp_da
Chronos-Bolt zero-shot,regime=normal,18769,6.166456458517308,8.939669443658167,-0.3278435191351556,,lmp_da
Chronos-Bolt zero-shot,regime=spike,331,22.03695529229755,29.93863691208573,-14.023287981871638,,lmp_da
Chronos-Bolt zero-shot,regime=severe,52,128.76302919370212,172.16725232783168,-126.99044785487249,,lmp_da
Chronos-Bolt zero-shot,spike+severe,383,36.52717942512532,69.27532084015336,-29.360865823636765,,lmp_da
Chronos-Bolt zero-shot,season=winter,4320,6.197899879794156,8.81705099774967,-0.09671749792063668,,lmp_da
Chronos-Bolt zero-shot,season=spring,4414,6.6118015087359305,9.215485215909512,-1.0786681085057468,,lmp_da
Chronos-Bolt zero-shot,season=summer,7488,7.413311708590515,17.84158484810725,-1.3511958215620579,,lmp_da
Chronos-Bolt zero-shot,season=autumn,2930,6.231342517248264,9.120440465921805,-0.7173009171612319,,lmp_da
Chronos-Bolt zero-shot,ramp hours 17-21,3990,9.295268025412156,23.533472723844515,-1.3785485388449379,,lmp_da
LightGBM (ours),all,19152,5.120324676097777,10.9669288079744,-0.15328096944485703,,lmp_da
LightGBM (ours),regime=normal,18769,4.564463989550988,6.653397238850076,0.24013976134817552,,lmp_da
LightGBM (ours),regime=spike,331,20.424778495931623,26.41648445529543,-6.8785970716027895,,lmp_da
LightGBM (ours),regime=severe,52,108.33522874209183,154.52385232670358,-99.34624378560164,,lmp_da
LightGBM (ours),spike+severe,383,32.36040098366095,62.00771101386082,-19.432951194652244,,lmp_da
LightGBM (ours),season=winter,4320,5.275036231633255,7.107715002773046,0.632477062049461,,lmp_da
LightGBM (ours),season=spring,4414,4.627596818668919,6.337934516142338,-0.25556110852047736,,lmp_da
LightGBM (ours),season=summer,7488,5.689517958900946,15.543059159596098,-0.37384241678855573,,lmp_da
LightGBM (ours),season=autumn,2930,4.179856260107189,5.810575238786337,-0.5940475375220066,,lmp_da
LightGBM (ours),ramp hours 17-21,3990,7.1844940198764204,20.577557151803845,0.4466821050616696,,lmp_da
naive DA (D-2),all,19152,8.67051956035923,16.27410645234946,-0.02584632832080195,,lmp_da
naive DA (D-2),regime=normal,18769,8.050420866322128,12.002296198822954,0.3940947988704779,,lmp_da
naive DA (D-2),regime=spike,331,27.249244290030212,58.19662245792922,-8.284575045317222,,lmp_da
naive DA (D-2),regime=severe,52,114.22964461538461,154.88979964983918,-99.03038115384615,,lmp_da
naive DA (D-2),spike+severe,383,39.05859368146214,78.64004843323214,-20.605154464751962,,lmp_da
naive DA (D-2),season=winter,4320,7.943000782407409,11.387643362014021,0.4025999351851852,,lmp_da
naive DA (D-2),season=spring,4414,8.593190432714092,11.892986407345408,0.05364298821930228,,lmp_da
naive DA (D-2),season=summer,7488,9.244219935897435,21.533717772605602,-0.21847223824786316,,lmp_da
naive DA (D-2),season=autumn,2930,8.393503682593858,11.909888004099926,-0.2850172798634812,,lmp_da
naive DA (D-2),ramp hours 17-21,3990,10.794249197994988,27.924048189108426,-0.03104946867167919,,lmp_da
seasonal-naive DA (D-7),all,19152,10.693595630221386,19.879127345609966,-0.0019349681495405215,,lmp_da
seasonal-naive DA (D-7),regime=normal,18769,9.910883094464275,16.20295623833252,0.8299005125472855,,lmp_da
seasonal-naive DA (D-7),regime=spike,331,33.24721824773414,47.5731853443173,-24.518396495468277,,lmp_da
seasonal-naive DA (D-7),regime=severe,52,149.64518211538464,190.73872568519386,-144.18984596153848,,lmp_da
seasonal-naive DA (D-7),spike+severe,383,49.050597154047,83.03869041870942,-40.76621731070496,,lmp_da
seasonal-naive DA (D-7),season=winter,4320,10.206833962962962,14.59033282337107,1.7699598611111111,,lmp_da
seasonal-naive DA (D-7),season=spring,4414,9.700733414136838,13.269894367162893,0.37412258042591734,,lmp_da
seasonal-naive DA (D-7),season=summer,7488,12.23763718349359,26.78984221315569,-0.8524239463141023,,lmp_da
seasonal-naive DA (D-7),season=autumn,2930,8.961008965870308,13.03032512174121,-1.0074101262798636,,lmp_da
seasonal-naive DA (D-7),ramp hours 17-21,3990,14.446574411027568,34.52158340517631,-0.011904812030075375,,lmp_da
